time,latitude,longitude,line,station,cruise,ship,ctd_depth,temperature,salinity,oxygen,percent_saturation
UTC,degrees_north,degrees_east,,,,,meters,degrees Celsius,practical salinity units,ml/l,percent
2014-08-23T02:40:00Z,35.096664,-121.05333,76.1,51.9,201407,BELL M. SHIMADA,3,16.086,33.412,4.922,NaN
2014-08-23T02:40:00Z,35.096664,-121.05333,76.1,51.9,201407,BELL M. SHIMADA,10,15.278,33.376,4.653,NaN
2014-08-23T02:40:00Z,35.096664,-121.05333,76.1,51.9,201407,BELL M. SHIMADA,20,13.983,33.266,4.304,NaN
2014-08-23T02:40:00Z,35.096664,-121.05333,76.1,51.9,201407,BELL M. SHIMADA,30,12.505,33.182,4.173,NaN
2014-08-23T02:40:00Z,35.096664,-121.05333,76.1,51.9,201407,BELL M. SHIMADA,40,11.825,33.175,4.107,NaN
2014-08-23T02:40:00Z,35.096664,-121.05333,76.1,51.9,201407,BELL M. SHIMADA,50,11.318,33.18,3.94,NaN
2014-08-23T02:40:00Z,35.096664,-121.05333,76.1,51.9,201407,BELL M. SHIMADA,75,10.802,33.523,2.879,NaN
2014-08-23T02:40:00Z,35.096664,-121.05333,76.1,51.9,201407,BELL M. SHIMADA,100,9.947,33.749,2.367,NaN
2014-08-23T02:40:00Z,35.096664,-121.05333,76.1,51.9,201407,BELL M. SHIMADA,125,9.643,33.84,2.189,NaN
2014-08-23T02:40:00Z,35.096664,-121.05333,76.1,51.9,201407,BELL M. SHIMADA,150,9.52,33.968,1.639,NaN
2014-08-23T02:40:00Z,35.096664,-121.05333,76.1,51.9,201407,BELL M. SHIMADA,200,8.781,34.002,1.693,NaN
2014-08-23T02:40:00Z,35.096664,-121.05333,76.1,51.9,201407,BELL M. SHIMADA,250,8.598,34.148,1.084,NaN
2014-08-23T02:40:00Z,35.096664,-121.05333,76.1,51.9,201407,BELL M. SHIMADA,300,7.939,34.17,0.957,NaN
2014-08-23T02:40:00Z,35.096664,-121.05333,76.1,51.9,201407,BELL M. SHIMADA,400,7.119,34.218,0.649,NaN
